{
  "status": true,
  "message": "Data Fetched Successfully!",
  "response": [
    {
      "id": "165",
      "subject_name": "BOTANY 11",
      "icon": "storage/pdfs/00EE7477-19DD-4386-8652-E46BFF4176DB.jpeg",
      "exam_id": "106",
      "image": null,
      "video_path": null,
      "total_time": "2020-05-03 10:12:15",
      "delete_status": "1",
      "created_on": "2020-05-03 15:42:15",
      "modified_on": "0000-00-00 00:00:00",
      "total_videos_count": "1",
      "video_ids": "142",
      "seenVedioCount": 0
    },
    {
      "id": "166",
      "subject_name": "ZOOLOGY  11",
      "icon": "storage/pdfs/C9C23960-407B-4595-AE40-F517D7ECC7C4.jpeg",
      "exam_id": "106",
      "image": null,
      "video_path": null,
      "total_time": "2020-05-03 10:13:57",
      "delete_status": "1",
      "created_on": "2020-05-03 15:43:57",
      "modified_on": "0000-00-00 00:00:00",
      "total_videos_count": "3",
      "video_ids": "138,139,140",
      "seenVedioCount": 0
    },
    {
      "id": "167",
      "subject_name": "PHYSICS 11",
      "icon": "storage/pdfs/980B43E7-D2BB-4EF3-889C-D2999E5227DA.jpeg",
      "exam_id": "106",
      "image": null,
      "video_path": null,
      "total_time": "2020-05-03 10:15:49",
      "delete_status": "1",
      "created_on": "2020-05-03 15:45:49",
      "modified_on": "0000-00-00 00:00:00",
      "total_videos_count": "0",
      "video_ids": null,
      "seenVedioCount": null
    },
    {
      "id": "168",
      "subject_name": "CHEMISTRY 11",
      "icon": "storage/pdfs/D30980E5-E6AE-4749-8F62-7D163F78D434.jpeg",
      "exam_id": "106",
      "image": null,
      "video_path": null,
      "total_time": "2020-05-03 10:17:01",
      "delete_status": "1",
      "created_on": "2020-05-03 15:47:01",
      "modified_on": "0000-00-00 00:00:00",
      "total_videos_count": "0",
      "video_ids": null,
      "seenVedioCount": null
    },
    {
      "id": "169",
      "subject_name": "BOTANY 12",
      "icon": "storage/pdfs/D707EBB9-ABF2-471E-A020-5494CDB2337B.jpeg",
      "exam_id": "106",
      "image": null,
      "video_path": null,
      "total_time": "2020-05-03 10:17:50",
      "delete_status": "1",
      "created_on": "2020-05-03 15:47:50",
      "modified_on": "0000-00-00 00:00:00",
      "total_videos_count": "0",
      "video_ids": null,
      "seenVedioCount": null
    },
    {
      "id": "170",
      "subject_name": "ZOOLOGY 12",
      "icon": "storage/pdfs/BE8B13D5-7DDD-455C-B11D-E028378DEB23.jpeg",
      "exam_id": "106",
      "image": null,
      "video_path": null,
      "total_time": "2020-05-03 10:19:09",
      "delete_status": "1",
      "created_on": "2020-05-03 15:49:09",
      "modified_on": "0000-00-00 00:00:00",
      "total_videos_count": "0",
      "video_ids": null,
      "seenVedioCount": null
    },
    {
      "id": "171",
      "subject_name": "PHYSICS 12",
      "icon": "storage/pdfs/7AD1AB8F-AE99-4800-82D1-F177D33A019E.jpeg",
      "exam_id": "106",
      "image": null,
      "video_path": null,
      "total_time": "2020-05-03 10:19:52",
      "delete_status": "1",
      "created_on": "2020-05-03 15:49:52",
      "modified_on": "0000-00-00 00:00:00",
      "total_videos_count": "0",
      "video_ids": null,
      "seenVedioCount": null
    },
    {
      "id": "172",
      "subject_name": "CHEMISTRY 12",
      "icon": "storage/pdfs/4E80DF50-0AED-45DC-B762-B840DEA1F414.png",
      "exam_id": "106",
      "image": null,
      "video_path": null,
      "total_time": "2020-05-03 10:24:37",
      "delete_status": "1",
      "created_on": "2020-05-03 15:54:37",
      "modified_on": "0000-00-00 00:00:00",
      "total_videos_count": "0",
      "video_ids": null,
      "seenVedioCount": null
    }
  ]
}